year,cpi_adjustment
2019,1
2018,0.97766
2017,0.95933
2016,0.93952
2015,0.92042
2014,0.91376
2013,0.9069
2012,0.89348
2011,0.87819
2010,0.85292
2009,0.84035
